Total Mins,Total sms,Total mbs
13193.09,4094.61,226339.43
244.58,28.500000000000004,4683.68
223.06,25.520000000000003,3114.66
121.3,523.8,24917.34
431.84,25.86,3114.66
1522.04,1050.66,63144.0
2129.13,289.98,39452.46
20629.09,9978.17,433870.44
2837.0499999999997,642.8199999999999,51392.01
42.75,46.83,5191.12
42.75,46.83,5191.12
